{
  "project_info": {
    "project_number": "797404483190",
    "project_id": "projectmaritrees",
    "storage_bucket": "projectmaritrees.appspot.com"
  },
  "client": [
    {
      "client_info": {
        "mobilesdk_app_id": "1:797404483190:android:1efc5926b4f1f7dc061957",
        "android_client_info": {
          "package_name": "com.projectmaritrees.splashscreen"
        }
      },
      "oauth_client": [
        {
          "client_id": "797404483190-4epuh2t1r3097e923fd79eho8pncm6bl.apps.googleusercontent.com",
          "client_type": 3
        }
      ],
      "api_key": [
        {
          "current_key": "AIzaSyCiIfvAjzs2WML1kQagAEA72KjKmrpIKzU"
        }
      ],
      "services": {
        "appinvite_service": {
          "other_platform_oauth_client": [
            {
              "client_id": "797404483190-4epuh2t1r3097e923fd79eho8pncm6bl.apps.googleusercontent.com",
              "client_type": 3
            }
          ]
        }
      }
    }
  ],
  "configuration_version": "1"
}